sub_category,total_profit,total_sales,margin_pct
Copiers,55617.82,149528.03,37.20
Phones,44515.73,330007.05,13.49
Accessories,41936.64,167380.32,25.05
Paper,33944.24,78224.14,43.39
Binders,30228.00,203409.17,14.86
Chairs,26567.13,327777.76,8.11
Storage,21278.83,223843.61,9.51
Appliances,18138.01,107532.16,16.87
Furnishings,13052.72,91683.02,14.24
Envelopes,6964.18,16476.40,42.27
